timestamp,data_source,HF_mean,HF_std,HF_min,HF_max,LF_mean,LF_std,LF_min,LF_max,lf_hf_mean,lf_hf_std,lf_hf_min,lf_hf_max,sdnn_mean,sdnn_std,sdnn_min,sdnn_max,hr_mean,hr_std,hr_min,hr_max,br_mean,br_std,br_min,br_max,spo2_mean,spo2_std,spo2_min,spo2_max,arousal_score,valence_score
2026-01-23 09:46:36,both,1116.76,58.259,1054.479,1163.472,2004.054,227.285,1821.821,2247.032,1.808,0.302,1.566,2.131,56.336,1.077,55.328,57.343,79.438,5.965,71,88,13.333,1.875,11,17,96.765,1.986,94,99,0.366,0.441
2026-01-23 09:46:44,both,967.931,172.46,582.462,1163.472,2100.05,280.761,1386.421,2382.016,2.233,0.459,1.566,2.748,53.226,3.391,48.412,57.343,78.767,5.863,71,88,13.514,1.861,11,17,96.884,1.905,94,99,0.441,0.21
2026-01-23 09:46:52,both,828.072,260.591,421.216,1163.472,1778.685,565.683,624.16,2382.016,2.17,0.422,1.482,2.748,51.898,3.532,48.412,57.343,78.35,5.759,71,88,13.848,2.082,11,18,96.66,2.404,89,99,0.509,0.105
2026-01-23 09:47:01,both,688.695,318.299,226.583,1163.472,1382.027,808.608,133.874,2382.016,1.847,0.663,0.591,2.748,49.589,5.882,34.633,57.343,77.91,5.614,71,88,14.205,2.26,11,18,97.017,2.367,89,99,0.559,-0.017
2026-01-23 09:47:10,both,569.248,361.76,105.573,1163.472,1101.646,890.669,88.424,2382.016,1.606,0.745,0.591,2.748,43.359,13.197,17.821,57.343,77.806,5.389,71,88,14.216,2.157,11,18,97.279,2.304,89,99,0.88,-0.185
2026-01-23 09:47:18,both,483.229,384.493,22.562,1163.472,929.653,903.239,45.172,2382.016,1.574,0.725,0.591,2.748,39.639,14.83,17.821,57.343,77.566,5.288,71,88,14.324,2.11,11,18,97.461,2.242,89,99,1.105,-0.272
2026-01-23 09:47:27,both,418.207,385.014,22.562,1163.472,797.739,885.179,45.172,2382.016,1.576,0.709,0.591,2.748,36.66,15.369,17.821,57.343,77.052,5.375,71,88,14.526,2.142,11,18,97.553,2.141,89,99,1.297,-0.331
2026-01-23 09:47:36,both,391.675,364.613,22.562,1163.472,722.852,845.082,45.172,2382.016,1.507,0.683,0.591,2.748,34.843,15.05,17.821,57.343,76.661,5.368,71,88,14.707,2.16,11,18,97.67,2.071,89,99,1.303,-0.49
2026-01-23 09:47:46,both,381.906,343.123,22.562,1163.472,698.603,796.039,45.172,2382.016,1.528,0.653,0.591,2.748,33.921,14.398,17.821,57.343,76.887,5.301,71,88,14.795,2.121,11,18,97.711,2.051,89,99,1.283,-0.521
2026-01-23 09:47:55,both,360.651,330.799,22.562,1163.472,720.278,757.909,45.172,2382.016,2.007,1.855,0.591,11.127,35.078,14.227,17.821,57.343,77.451,5.591,71,88,14.745,2.072,11,18,97.711,2.051,89,99,1.294,-0.231
2026-01-23 09:48:04,both,335.672,323.763,22.562,1163.472,821.013,792.15,45.172,2382.016,3.528,5.074,0.591,19.081,36.747,14.491,17.821,57.343,77.556,5.451,71,88,14.593,2.099,11,18,97.711,2.051,89,99,1.181,0.234
2026-01-23 09:48:14,both,324.362,309.975,22.562,1163.472,975.96,891.733,45.172,2550.816,4.305,5.421,0.591,19.081,38.271,14.562,17.821,57.343,77.584,5.279,71,88,14.494,2.074,11,18,97.711,2.051,89,99,0.943,0.639
2026-01-23 09:48:24,both,328.449,297.831,22.562,1163.472,1065.113,911.833,45.172,2550.816,4.42,5.233,0.591,19.081,39.174,14.322,17.821,57.343,77.606,5.138,71,88,14.432,2.038,11,18,97.711,2.051,89,99,0.746,0.756
2026-01-23 09:48:33,both,324.845,286.503,22.562,1163.472,1049.063,882.032,45.172,2550.816,4.299,5.033,0.591,19.081,39.095,13.81,17.821,57.343,77.606,4.996,71,88,14.553,2.061,11,19,97.711,2.051,89,99,0.822,0.361
2026-01-23 09:48:42,both,308.015,283.731,22.562,1163.472,993.022,876.809,45.172,2550.816,4.215,4.868,0.591,19.081,38.789,13.425,17.821,57.343,77.349,5.021,71,88,14.809,2.316,11,21,97.711,2.051,89,99,0.877,-0.223
2026-01-23 09:48:51,both,291.909,283.167,20.036,1163.472,940.793,877.491,42.913,2550.816,4.137,4.739,0.591,19.081,38.916,13.049,17.821,57.343,77.091,5.075,71,88,15.046,2.547,11,21,97.711,2.051,89,99,0.855,-0.698
2026-01-23 09:49:02,both,277.802,278.672,20.036,1163.472,909.231,857.351,42.913,2550.816,4.235,4.596,0.591,19.081,38.766,12.625,17.821,57.343,76.812,5.106,71,88,15.33,2.79,11,22,97.711,2.051,89,99,0.799,-1.17
2026-01-23 09:49:11,both,268.35,273.39,20.036,1163.472,902.025,833.115,42.913,2550.816,4.399,4.516,0.591,19.081,38.515,12.307,17.821,57.343,76.769,5.003,71,88,15.609,3.041,11,22,97.711,2.051,89,99,0.813,-1.372
2026-01-23 09:50:44,both,262.631,16.346,245.156,275.737,2055.276,222.271,1817.659,2233.489,7.806,0.367,7.414,8.1,72.41,0.637,71.815,73.005,76.109,6.96,67,86,17.54,1.342,15,21,,,,,-0.296,0.096
2026-01-23 09:50:54,both,242.94,24.441,215.199,275.737,1573.965,463.111,945.032,2233.489,6.427,1.468,3.572,8.1,67.501,5.827,56.695,73.005,76.338,6.496,67,86,17.479,1.324,15,21,,,,,-0.027,-0.06
2026-01-23 09:51:03,both,266.135,40.324,215.199,332.768,1386.305,455.428,945.032,2233.489,5.357,1.906,3.267,8.1,62.222,9.179,44.907,73.005,76.434,6.141,67,86,17.244,1.479,14,21,,,,,0.247,0.028
2026-01-23 09:51:12,both,291.541,55.935,215.199,374.106,1399.87,404.858,945.032,2233.489,4.993,1.773,3.267,8.1,57.953,10.903,44.843,73.005,76.587,5.848,67,86,16.857,1.835,13,21,,,,,0.572,0.22
2026-01-23 09:51:21,both,291.198,56.194,190.065,374.106,1406.366,380.188,942.02,2233.489,4.985,1.579,3.267,8.1,55.69,10.75,44.843,73.005,76.832,5.652,67,86,16.42,2.253,11,21,,,,,0.78,0.448
2026-01-23 09:53:17,both,130.217,0.0,130.217,130.217,5272.674,0.0,5272.674,5272.674,40.491,0.0,40.491,40.491,85.307,2.728,80.428,86.527,73.048,7.661,64,87,20.177,3.252,13,24,93.188,3.351,91,98,,
2026-01-23 09:53:22,both,283.999,160.275,130.217,509.835,4837.532,503.782,4042.072,5272.674,24.473,15.386,7.928,40.491,82.246,3.874,77.32,86.527,73.618,7.657,64,87,20.015,3.179,13,24,93.188,3.351,91,98,-0.117,0.214
2026-01-23 09:53:32,both,512.097,272.448,130.217,883.998,3951.76,1047.601,2458.235,5272.674,14.148,14.458,2.781,40.491,75.974,8.399,52.784,86.527,74.91,7.909,64,87,19.948,2.978,13,24,92.792,2.766,91,98,0.036,-0.0
2026-01-23 09:53:40,both,663.101,316.626,130.217,1029.447,3406.536,1177.716,2131.639,5272.674,10.343,13.08,2.071,40.491,67.92,14.091,47.569,86.527,75.851,7.985,64,87,19.953,2.816,13,24,92.792,2.766,91,98,0.438,-0.466
2026-01-23 09:53:50,both,640.787,290.257,130.217,1029.447,3107.145,1156.304,1918.326,5272.674,8.806,11.661,2.071,40.491,63.157,15.011,47.569,86.527,76.521,7.889,64,87,19.958,2.677,13,24,92.792,2.766,91,98,0.799,-0.752
2026-01-23 09:53:59,both,563.347,308.615,97.032,1029.447,2787.329,1233.821,1031.343,5272.674,8.479,10.511,2.071,40.491,59.978,14.997,45.825,86.527,77.124,7.81,64,87,19.962,2.558,13,24,92.792,2.766,91,98,1.036,-0.94
2026-01-23 09:54:08,both,477.798,342.757,30.57,1029.447,2421.617,1404.366,76.569,5272.674,9.36,9.961,1.672,40.491,57.186,15.441,28.845,86.527,77.658,7.718,64,87,20,2.46,13,24,92.792,2.766,91,98,1.149,-1.023
2026-01-23 09:54:17,both,420.062,348.462,30.57,1029.447,2085.937,1545.997,15.464,5272.674,8.132,9.719,0.18,40.491,51.868,19.715,13.221,86.527,77.951,7.506,64,87,20.025,2.372,13,24,92.792,2.766,91,98,1.359,-1.172
2026-01-23 09:54:25,both,385.511,342.699,30.57,1029.447,1856.01,1596.775,13.227,5272.674,7.245,9.497,0.125,40.491,47.463,22.482,10.994,86.527,78.137,7.308,64,87,20.115,2.328,13,24,92.792,2.766,91,98,1.609,-1.402
2026-01-23 09:54:35,both,349.683,335.193,30.57,1029.447,1640.078,1604.712,13.227,5272.674,6.503,9.122,0.125,40.491,44.022,23.201,10.994,86.527,78.007,7.11,64,87,20.329,2.379,13,24,92.792,2.766,91,98,1.711,-1.766
2026-01-23 09:54:45,both,321.295,329.462,30.57,1029.447,1498.407,1581.939,13.227,5272.674,6.188,8.707,0.125,40.491,42.836,22.32,10.994,86.527,77.993,6.906,64,87,20.45,2.375,13,24,92.792,2.766,91,98,1.589,-1.873
2026-01-23 09:54:54,both,312.605,317.363,30.57,1029.447,1396.893,1543.041,13.227,5272.674,5.808,8.392,0.125,40.491,42.54,21.396,10.994,86.527,77.566,6.947,64,87,20.386,2.323,13,24,92.792,2.766,91,98,1.194,-1.63
2026-01-23 09:55:03,both,331.38,312.222,30.57,1029.447,1316.172,1501.899,13.227,5272.674,5.397,8.152,0.125,40.491,43.785,21.035,10.994,86.527,76.911,7.321,63,87,20.257,2.323,13,24,92.792,2.766,91,98,0.622,-1.121
2026-01-23 09:55:12,both,363.394,320.222,30.57,1029.447,1274.312,1451.952,13.227,5272.674,5.064,7.919,0.125,40.491,46.149,21.885,10.994,86.527,76.203,7.762,63,87,20.142,2.317,13,24,92.792,2.766,91,98,0.038,-0.56
2026-01-23 09:55:21,both,368.5,309.78,30.57,1029.447,1344.977,1423.412,13.227,5272.674,5.093,7.642,0.125,40.491,48.655,22.994,10.994,86.527,75.565,8.086,63,87,19.989,2.366,13,24,92.792,2.766,91,98,-0.516,-0.148
2026-01-23 09:55:31,both,357.132,302.828,30.57,1029.447,1396.591,1390.326,13.227,5272.674,5.515,7.569,0.125,40.491,50.214,23.012,10.994,86.527,75.215,8.078,63,87,19.66,2.767,11,24,92.792,2.766,91,98,-0.678,0.326
2026-01-23 09:55:41,both,340.763,298.413,30.57,1029.447,1403.243,1342.109,13.227,5272.674,6.002,7.525,0.125,40.491,51.359,22.62,10.994,86.527,75.146,7.884,63,87,19.206,3.363,10,24,93.038,2.793,91,98,-0.436,0.895
2026-01-23 09:55:50,both,328.655,293.698,30.57,1029.447,1410.624,1304.343,13.227,5272.674,6.322,7.416,0.125,40.491,51.861,22.051,10.994,86.527,75.098,7.72,63,87,18.803,3.813,9,24,93.514,2.571,91,98,-0.078,1.348
2026-01-23 09:55:59,both,320.422,287.534,30.57,1029.447,1458.848,1284.187,13.227,5272.674,6.678,7.359,0.125,40.491,52.532,21.622,10.994,86.527,75.063,7.564,63,87,18.419,4.178,9,24,93.366,2.7,88,98,0.146,1.619
2026-01-23 09:56:09,both,310.951,281.8,30.57,1029.447,1485.098,1254.612,13.227,5272.674,6.996,7.261,0.125,40.491,53.364,21.263,10.994,86.527,75.219,7.439,63,87,18.254,4.17,9,24,93.366,2.7,88,98,0.247,1.311
2026-01-23 09:56:18,both,299.257,279.589,30.57,1029.447,1441.527,1241.67,13.227,5272.674,7.005,7.121,0.125,40.491,53.693,20.819,10.994,86.527,75.442,7.285,63,87,18.254,4.102,9,24,93.366,2.7,88,98,0.319,0.702
2026-01-23 09:56:29,both,288.697,277.084,30.57,1029.447,1385.225,1238.667,13.227,5272.674,6.823,7.001,0.125,40.491,52.737,20.868,10.994,86.527,75.933,6.931,63,87,18.262,4.11,9,24,93.366,2.7,88,98,0.612,-0.274
2026-01-23 09:56:37,both,279.743,273.937,30.57,1029.447,1340.712,1227.9,13.227,5272.674,6.716,6.86,0.125,40.491,51.35,21.388,10.994,86.527,76.358,6.559,63,87,18.217,4.081,9,24,93.913,3.002,88,99,0.959,-0.99
2026-01-23 09:56:46,both,269.387,272.455,21.201,1029.447,1294.507,1221.011,13.227,5272.674,6.757,6.722,0.125,40.491,49.98,21.913,10.994,86.527,76.508,6.479,63,87,17.929,4.002,9,24,94.32,3.197,88,99,1.291,-1.059
2026-01-23 09:56:55,both,258.947,271.518,13.699,1029.447,1247.239,1217.261,13.227,5272.674,6.864,6.605,0.125,40.491,48.614,22.46,10.994,86.527,76.362,6.39,63,87,17.608,3.87,9,24,94.983,3.34,88,99,1.524,-0.809
2026-01-23 09:57:04,both,249.283,270.337,13.457,1029.447,1202.613,1213.124,13.227,5272.674,6.917,6.482,0.125,40.491,47.531,22.673,10.994,86.527,76.438,6.496,63,90,17.65,3.855,9,24,95.25,3.338,88,99,1.696,-0.652
2026-01-23 09:57:15,both,240.984,268.428,13.457,1029.447,1170.724,1201.147,13.227,5272.674,7.083,6.416,0.125,40.491,47.334,22.325,10.994,86.527,77.221,7.166,63,94,17.921,3.889,9,24,95.25,3.338,88,99,1.781,-0.907
2026-01-23 09:57:24,both,236.311,267.84,13.457,1029.447,1074.808,1015.3,13.227,4787.65,6.718,4.808,0.125,15.613,46.763,21.481,10.994,82.159,77.787,7.623,63,94,18.062,3.955,9,24,95.25,3.338,88,99,1.648,-1.227
2026-01-23 09:57:34,both,221.29,259.682,13.457,1029.447,1011.856,879.776,13.227,2520.242,6.965,4.979,0.125,15.613,46.244,20.939,10.994,82.159,77.992,7.824,63,94,18.192,4.027,9,24,95.25,3.338,88,99,1.359,-1.31
2026-01-23 09:57:43,both,191.988,214.648,13.457,961.935,1000.984,865.653,13.227,2520.242,7.302,4.969,0.125,15.613,46.158,20.86,10.994,82.159,78.125,7.959,63,94,18.258,4.073,9,24,95.25,3.338,88,99,1.127,-1.259
2026-01-23 09:57:52,both,165.24,173.705,13.457,775.533,929.879,823.858,13.227,2520.242,7.365,4.93,0.125,15.613,45.749,20.95,10.994,82.159,78.3,8.127,63,94,18.337,4.124,9,24,95.25,3.338,88,99,1.226,-1.367
2026-01-23 09:58:01,both,154.503,170.651,13.457,775.533,870.199,818.041,13.227,2520.242,7.286,4.981,0.125,15.613,44.727,21.523,10.994,82.159,78.508,8.295,63,94,18.363,4.138,9,24,95.25,3.338,88,99,1.57,-1.456
2026-01-23 09:58:10,both,152.839,171.7,11.01,775.533,845.275,829.865,13.227,2520.242,7.003,4.842,0.125,15.613,43.726,22.119,10.994,82.159,78.617,8.396,63,94,18.413,4.167,9,24,95.25,3.338,88,99,1.871,-1.581
2026-01-23 09:58:20,both,151.179,172.913,0.02,775.533,838.531,834.956,0.075,2520.242,6.97,4.668,0.125,14.891,42.979,22.849,3.302,82.159,78.821,8.553,63,94,18.429,4.175,9,24,95.25,3.338,88,99,2.172,-1.665
2026-01-23 09:58:29,both,147.713,174.958,0.0,775.533,837.937,835.548,0.0,2520.242,7.003,4.631,0.177,14.891,42.538,23.547,0.0,82.159,79.083,8.723,63,94,18.433,4.177,9,24,95.308,3.344,88,99,2.392,-1.762
2026-01-23 09:58:38,both,143.543,177.091,0.0,775.533,836.425,837.026,0.0,2520.242,6.999,4.636,0.28,14.891,42.038,24.293,0.0,82.159,79.421,8.87,63,94,18.379,4.132,9,24,95.364,3.35,88,99,2.529,-1.842
2026-01-23 09:58:47,both,140.882,178.733,0.0,775.533,829.173,843.446,0.0,2520.242,6.892,4.756,0.28,14.891,40.795,25.598,0.0,82.159,79.908,8.991,63,94,18.283,4.038,9,23,95.364,3.35,88,99,2.645,-1.88
2026-01-23 09:58:57,both,136.048,180.101,0.0,775.533,818.114,852.162,0.0,2520.242,6.803,4.855,0.28,14.891,39.49,26.721,0.0,82.159,80.463,8.99,63,94,18.325,4.058,9,23,95.364,3.35,88,99,2.652,-1.892
2026-01-23 09:59:06,both,119.725,171.033,0.0,775.533,801.59,863.552,0.0,2520.242,6.851,4.812,0.28,14.891,37.708,27.454,0.0,82.159,81.342,8.803,63,94,18.483,4.139,9,23,95.364,3.35,88,99,2.669,-1.986
2026-01-23 09:59:15,both,92.407,121.127,0.0,727.595,781.183,874.717,0.0,2520.242,6.946,4.715,0.28,14.891,35.428,27.109,0.0,82.159,82.325,8.151,63,94,18.554,4.158,9,23,95.364,3.35,88,99,2.605,-1.865
2026-01-23 09:59:27,both,72.86,74.783,0.0,413.953,716.051,855.03,0.0,2520.242,6.867,4.778,0.28,14.891,33.034,25.788,0.0,82.159,83.008,7.209,63,94,18.438,4.239,9,23,95.364,3.35,88,99,2.357,-1.333
2026-01-23 09:59:36,both,70.11,67.249,0.0,226.647,640.772,790.128,0.0,2438.384,6.556,4.791,0.28,14.891,31.306,24.19,0.0,68.734,83.492,6.36,72,94,18.346,4.337,9,23,95.364,3.35,88,99,1.841,-0.376
2026-01-23 09:59:45,both,72.85,71.08,0.0,237.725,620.727,771.445,0.0,2438.384,6.283,4.627,0.28,14.891,30.581,23.36,0.0,68.273,83.537,6.292,71,94,18.475,4.161,9,23,95.364,3.35,88,99,1.249,0.27
2026-01-23 09:59:55,both,72.656,71.084,0.0,237.725,609.81,763.267,0.0,2438.384,6.213,4.567,0.28,14.891,30.579,23.366,0.0,67.54,83.275,6.833,62,94,18.712,3.838,9,23,95.364,3.35,88,99,0.617,0.412
2026-01-23 10:00:04,both,70.16,68.899,0.0,237.725,562.734,704.748,0.0,2438.384,6.064,4.423,0.28,14.891,31.681,25.474,0.0,98.211,82.825,7.765,62,94,18.988,3.369,10,23,95.364,3.35,88,99,-0.154,0.38
2026-01-23 10:00:13,both,70.647,69.89,0.0,237.725,556.943,702.456,0.0,2954.813,5.991,4.345,0.28,14.891,32.816,27.594,0.0,98.211,82.254,8.657,62,94,19.15,3.128,12,23,95.364,3.35,88,99,-0.796,0.342
2026-01-23 10:00:22,both,74.474,74.395,0.0,237.725,636.249,868.123,0.0,3389.273,6.175,4.642,0.28,16.561,33.792,29.155,0.0,98.211,81.679,9.348,62,94,19.158,3.11,12,23,95.364,3.35,88,99,-1.182,0.397
2026-01-23 10:00:31,both,77.869,75.631,0.0,237.725,729.514,934.011,0.0,3389.273,6.733,5.018,0.28,17.31,35.128,30.273,0.0,98.211,81.467,9.513,62,94,19.038,3.117,12,23,95.364,3.35,88,99,-0.988,0.308
2026-01-23 10:00:41,both,79.389,76.213,0.0,237.725,785.201,956.161,0.0,3389.273,7.133,5.224,0.28,17.31,37.103,31.106,0.0,98.211,81.542,9.477,62,94,18.858,3.099,12,23,95.364,3.35,88,99,-0.499,0.202
2026-01-23 10:00:50,both,81.118,76.463,0.0,237.725,844.247,989.679,0.0,3389.273,7.524,5.588,0.28,20.456,38.884,31.853,0.0,98.211,81.617,9.443,62,94,18.812,3.12,12,23,95.364,3.35,88,99,-0.216,0.216
2026-01-23 10:00:59,both,84.904,76.295,0.0,237.725,966.339,1121.871,0.0,4152.664,8.159,6.72,0.28,29.242,41.299,32.92,0.0,98.211,81.717,9.399,62,94,18.837,3.081,12,23,95.364,3.35,88,99,-0.093,0.362
2026-01-23 10:01:09,both,89.005,75.166,0.0,237.725,1084.66,1189.494,0.0,4152.664,8.88,7.598,0.28,29.242,44.113,33.596,0.0,98.211,81.654,9.395,62,94,18.754,3.141,12,23,95.364,3.35,88,99,-0.133,0.607
2026-01-23 10:01:18,both,90.146,74.351,0.0,237.725,1108.413,1179.574,0.0,4152.664,9.12,7.732,0.28,29.242,45.343,33.659,0.0,98.211,81.121,9.299,62,94,18.546,3.187,12,23,95.364,3.35,88,99,-0.023,0.619
2026-01-23 10:01:27,both,88.798,75.35,0.0,237.725,1089.41,1190.603,0.0,4152.664,9.007,7.711,0.28,29.242,44.333,33.814,0.0,98.211,80.483,9.037,62,93,18.262,3.219,12,23,95.364,3.35,88,99,0.448,0.42
2026-01-23 10:01:36,both,87.149,75.539,0.0,237.725,1029.124,1193.103,0.0,4152.664,8.577,7.717,0.28,29.242,42.893,33.821,0.0,98.211,80.329,8.935,62,93,17.904,3.316,11,23,95.364,3.35,88,99,1.054,0.326
2026-01-23 10:01:46,both,90.075,80.651,0.0,309.238,959.195,1171.064,0.0,4152.664,8.124,7.761,0.28,29.242,41.974,33.687,0.0,98.211,80.183,8.854,62,93,17.421,3.525,10,23,95.364,3.35,88,99,1.472,0.525
2026-01-23 10:01:55,both,99.514,100.518,0.0,436.826,962.193,1168.299,0.0,4152.664,7.957,7.803,0.28,29.242,41.644,33.662,0.0,98.211,79.808,8.726,62,93,17.038,3.566,10,23,95.364,3.35,88,99,1.459,0.773
2026-01-23 10:02:04,both,111.936,121.238,0.0,486.653,1005.743,1169.366,0.0,4152.664,7.961,7.8,0.28,29.242,41.939,33.582,0.0,98.211,79.475,8.596,62,93,16.812,3.492,10,23,95.418,3.354,88,99,1.267,0.721
2026-01-23 10:02:13,both,127.528,136.674,0.0,486.653,1056.847,1159.717,0.0,4152.664,7.949,7.806,0.28,29.242,42.751,33.236,0.0,98.211,79.05,8.444,62,93,16.692,3.412,10,23,95.522,3.359,88,99,1.06,0.279
2026-01-23 10:02:22,both,138.181,138.042,0.0,486.653,1086.179,1144.135,0.0,4152.664,7.835,7.861,0.28,29.242,43.694,32.742,0.0,98.211,78.55,8.252,62,93,16.587,3.302,10,23,95.522,3.359,88,99,1.005,-0.338
                                                                                                                                                                                                                                                                                                                                                                                                                       2026-01-27 16:47:08,both,0.005,,0.005,0.005,0.019,,0.019,0.019,3.665,,3.665,3.665,1.708,0.0,1.708,1.708,87.017,0.344,85,88,13.71,3.261,6,20,80,0.0,80,80,,
2026-01-27 16:47:14,both,0.162,0.244,0.005,0.477,0.556,0.832,0.019,1.63,3.582,0.127,3.418,3.665,5.906,5.236,1.708,11.503,86.677,1.348,81,88,13.851,3.178,6,20,80,0.0,80,80,2.403,-0.648
2026-01-27 16:47:23,both,4.243,5.325,0.005,13.636,23.423,29.519,0.019,70.756,4.091,0.7,3.418,5.189,17.361,12.177,1.708,41.42,85.2,4.017,75,88,13.766,2.991,6,20,80,0.0,80,80,1.947,-0.443
2026-01-27 16:47:31,both,32.206,42.583,0.005,139.786,216.079,301.469,0.019,1008.508,5.018,1.457,3.418,7.215,26.006,16.323,1.708,47.792,84.217,4.872,75,88,13.682,2.867,6,20,80,0.0,80,80,1.477,-0.096
2026-01-27 16:47:41,both,72.824,77.996,0.005,207.086,530.47,596.32,0.019,1595.328,5.701,1.679,3.418,7.704,32.511,17.762,1.708,51.771,83.315,5.382,75,88,13.457,2.816,6,20,80,0.0,80,80,1.004,0.562
2026-01-27 16:47:50,both,97.187,83.95,0.005,207.086,728.417,654.06,0.019,1595.328,6.152,1.723,3.418,7.939,36.533,17.62,1.708,52.167,82.525,5.747,70,88,13.301,2.74,6,20,80,0.0,80,80,0.667,0.889
2026-01-27 16:48:00,both,91.422,76.787,0.005,207.086,674.526,606.697,0.019,1595.328,6.147,1.745,3.418,7.939,40.385,17.862,1.708,62.693,81.009,7.359,62,88,13.204,2.64,6,20,80,0.0,80,80,0.339,1.029
2026-01-27 16:48:09,both,89.022,72.194,0.005,207.086,649.919,584.299,0.019,1595.328,6.061,1.93,3.061,8.578,44.731,19.63,1.708,71.774,79.758,8.357,62,88,13.434,2.697,6,20,80,0.0,80,80,-0.004,0.783
2026-01-27 16:48:18,both,105.192,81.581,0.005,299.411,856.622,795.606,0.019,3205.075,6.627,2.334,3.061,10.705,47.254,19.515,1.708,71.774,78.868,8.693,62,88,13.847,3.022,6,20,80,0.0,80,80,-0.235,0.279
2026-01-27 16:48:27,both,131.167,106.06,0.005,354.382,1126.508,1065.161,0.019,3314.346,6.979,2.42,3.061,10.705,48.779,18.87,1.708,71.774,78.094,8.902,62,88,14.243,3.291,6,20,80,0.0,80,80,-0.31,-0.251
2026-01-27 16:48:36,both,152.683,119.272,0.005,357.457,1220.146,1057.694,0.019,3314.346,6.873,2.344,3.061,10.705,49.325,17.965,1.708,71.774,77.415,9.027,62,88,14.55,3.416,6,20,80,0.0,80,80,-0.129,-0.637
2026-01-27 16:48:46,both,158.116,116.642,0.005,357.457,1172.899,1024.077,0.019,3314.346,6.526,2.494,2.31,10.705,48.711,17.311,1.708,71.774,76.814,9.094,62,88,14.861,3.556,6,21,80,0.0,80,80,0.074,-0.836
2026-01-27 16:48:55,both,150.282,115.092,0.005,357.457,1087.571,1019.133,0.019,3314.346,6.23,2.589,2.31,10.705,46.804,17.75,1.708,71.774,76.279,9.119,62,88,15.192,3.727,6,21,80,0.0,80,80,0.368,-1.059
2026-01-27 16:49:05,both,137.641,117.488,0.005,357.457,994.943,1019.836,0.019,3314.346,5.931,2.686,0.688,10.705,44.324,18.858,1.708,71.774,75.869,9.019,62,88,15.322,3.667,6,21,80,0.0,80,80,0.763,-1.081
2026-01-27 16:49:15,both,127.222,118.198,0.005,357.457,917.72,1013.224,0.019,3314.346,5.676,2.738,0.688,10.705,42.228,19.483,1.708,71.774,75.605,8.84,62,88,15.406,3.59,6,21,80,0.0,80,80,1.09,-0.995
2026-01-27 16:49:24,both,121.45,116.282,0.005,357.457,867.836,996.569,0.019,3314.346,5.571,2.674,0.688,10.705,40.961,19.422,1.708,71.774,75.392,8.686,62,88,15.526,3.548,6,21,80,0.0,80,80,1.189,-0.803
2026-01-27 16:49:34,both,118.519,113.15,0.005,357.457,832.276,970.323,0.019,3314.346,5.509,2.59,0.688,10.705,39.841,19.193,1.708,71.774,75.039,8.62,62,88,15.544,3.479,6,21,80,0.0,80,80,1.142,-0.625
2026-01-27 16:49:43,both,115.683,109.953,0.005,357.457,803.579,948.581,0.019,3314.346,5.467,2.541,0.688,10.705,39.062,18.901,1.708,71.774,75.009,8.443,62,88,15.544,3.407,6,21,80,0.0,80,80,1.1,-0.5
2026-01-27 16:49:53,both,117.806,107.811,0.005,357.457,770.013,932.327,0.019,3314.346,5.242,2.642,0.688,10.705,38.81,18.404,1.708,71.774,75.05,8.272,62,88,15.598,3.348,6,21,80,0.0,80,80,1.071,-0.369
2026-01-27 16:50:02,both,134.87,126.623,0.005,488.068,764.306,906.594,0.019,3314.346,5.03,2.705,0.688,10.705,38.594,17.886,1.708,71.774,75.091,8.093,62,88,15.632,3.281,6,21,80,0.0,80,80,1.096,-0.303
2026-01-27 16:50:12,both,147.996,136.908,0.005,488.068,781.915,887.299,0.019,3314.346,4.923,2.68,0.688,10.705,38.488,17.445,1.708,71.774,75.071,7.915,62,88,15.767,3.052,8,21,80,0.0,80,80,1.045,-0.307
2026-01-27 16:50:22,both,149.977,135.574,0.005,488.068,780.653,867.995,0.019,3314.346,4.898,2.624,0.688,10.705,38.416,17.032,1.708,71.774,74.662,7.548,62,87,16.029,2.759,11,21,80,0.0,80,80,1.025,-0.247
2026-01-27 16:50:32,both,143.621,135.096,0.005,488.068,748.011,858.499,0.019,3314.346,4.852,2.614,0.688,10.705,38.299,16.615,1.708,71.774,74.521,7.368,62,89,16.125,2.708,11,21,80,0.0,80,80,1.151,-0.196
2026-01-27 16:50:41,both,138.168,134.663,0.005,488.068,720.562,849.938,0.019,3314.346,4.893,2.601,0.688,10.705,38.325,16.274,1.708,71.774,74.596,7.504,62,89,16.2,2.675,11,21,80,0.0,80,80,1.331,-0.183
2026-01-27 16:50:51,both,136.009,132.362,0.005,488.068,724.51,831.889,0.019,3314.346,5.081,2.684,0.688,10.705,38.769,16.031,1.708,71.774,74.454,7.322,62,89,16.283,2.636,11,21,80,0.0,80,80,1.365,-0.135
2026-01-27 16:51:00,both,138.231,130.013,0.005,488.068,759.444,834.311,0.019,3314.346,5.21,2.707,0.688,10.705,39.043,15.772,1.708,71.774,74.104,6.936,62,89,16.346,2.607,11,21,80,0.0,80,80,1.218,-0.091
2026-01-27 16:51:09,both,140.62,128.434,0.005,488.068,797.822,845.504,0.019,3314.346,5.341,2.753,0.688,10.705,39.351,15.598,1.708,71.774,73.638,6.509,62,89,16.296,2.589,11,21,80,0.0,80,80,0.916,-0.045
2026-01-27 16:51:19,both,143.747,125.562,0.202,488.068,868.415,858.197,0.139,3314.346,5.902,3.742,0.688,22.562,41.082,14.545,12.717,71.774,73.192,6.129,62,89,16.246,2.545,11,21,80,0.0,80,80,0.618,-0.005
2026-01-27 16:51:28,both,146.172,123.524,0.202,488.068,928.473,854.923,0.139,3314.346,6.573,4.877,0.688,23.337,42.288,14.593,12.717,71.774,73.133,6.113,62,89,16.358,2.464,11,21,80,0.0,80,80,0.44,0.048
2026-01-27 16:51:37,both,144.736,124.235,0.202,488.068,939.564,852.833,0.139,3314.346,6.955,5.282,0.688,23.337,42.663,14.782,12.717,71.774,73.096,6.105,62,89,16.496,2.357,11,21,80,0.0,80,80,0.383,0.053
2026-01-27 16:51:46,both,138.669,125.812,0.202,488.068,899.195,853.698,0.139,3314.346,7.148,5.4,0.688,23.337,42.157,14.835,12.717,71.774,73.133,6.121,62,89,16.792,2.176,11,21,80,0.0,80,80,0.562,-0.233
2026-01-27 16:51:56,both,132.218,127.964,0.202,488.068,848.383,862.708,0.139,3314.346,7.113,5.405,0.688,23.337,41.0,15.122,12.717,71.774,73.479,6.363,62,89,17.029,1.978,12,21,89.5,10.97,80,99,1.012,-0.53
2026-01-27 16:52:07,both,130.735,128.982,0.202,488.068,841.892,866.065,0.139,3314.346,7.245,5.406,0.688,23.337,40.229,14.651,12.717,71.774,74.217,6.387,62,89,17,2.052,11,21,91.4,10.407,80,99,1.309,-0.264
2026-01-27 16:52:18,both,129.159,129.429,0.202,488.068,837.665,860.274,0.139,3314.346,7.468,5.458,0.688,23.337,39.042,13.29,12.717,67.275,74.65,6.107,66,89,16.708,2.47,10,21,91.4,10.407,80,99,1.311,0.388
2026-01-27 16:52:27,both,124.764,127.022,0.202,488.068,787.424,784.278,0.139,3314.346,7.443,5.445,0.688,23.337,38.136,12.383,12.717,61.288,75.062,5.971,66,89,16.342,2.701,10,21,91.4,10.407,80,99,1.136,1.063
2026-01-27 16:52:37,both,120.7,121.523,0.202,488.068,711.767,633.746,0.139,2213.299,7.286,5.457,0.688,23.337,37.332,11.583,12.717,59.691,75.892,6.191,66,89,15.925,2.871,10,21,91.4,10.407,80,99,1.146,1.252
2026-01-27 16:52:50,both,128.206,134.702,0.202,488.068,722.026,632.748,0.139,2009.051,7.243,5.477,0.688,23.337,36.981,11.257,12.717,59.691,76.796,6.05,66,89,15.492,2.929,10,21,91.4,10.407,80,99,1.296,1.127
2026-01-27 16:53:01,both,146.2,151.547,0.202,488.068,797.765,663.186,0.139,2009.051,7.289,5.441,0.688,23.337,37.584,11.048,12.717,59.691,77.529,5.781,66,89,15.158,2.687,10,21,91.4,10.407,80,99,1.307,0.818
2026-01-27 16:53:11,both,160.953,154.659,0.202,488.068,840.909,647.904,0.139,2009.051,7.293,5.433,0.688,23.337,38.516,10.219,12.717,59.691,78.108,5.589,66,89,15.037,2.638,10,21,91.4,10.407,80,99,1.247,0.453
2026-01-27 16:53:22,both,167.524,152.024,7.687,488.068,851.015,637.877,10.091,2009.051,7.239,5.48,0.981,23.337,39.017,9.563,20.941,59.691,78.567,5.442,66,89,14.971,2.606,10,21,91.4,10.407,80,99,1.34,0.138
2026-01-27 16:53:34,both,167.158,152.316,7.687,488.068,845.93,643.567,10.091,2009.051,7.129,5.569,0.981,23.337,39.352,9.26,22.048,59.691,78.679,5.318,66,89,14.887,2.55,10,21,93.571,9.271,80,99,1.269,-0.071
2026-01-27 16:53:43,both,171.808,152.322,7.687,488.068,856.629,640.325,10.091,2009.051,7.07,5.602,0.981,23.337,40.238,9.012,22.048,61.981,78.683,5.322,65,89,14.762,2.58,10,21,93.571,9.271,80,99,0.968,0.12
2026-01-27 16:53:52,both,188.315,163.156,7.687,615.394,900.735,639.12,10.091,2009.051,7.006,5.632,0.981,23.337,42.182,10.956,22.048,86.325,78.204,6.127,63,89,14.571,2.679,10,21,93.571,9.271,80,99,0.237,0.649
2026-01-27 16:54:01,both,204.683,181.067,7.687,622.018,960.827,646.069,10.091,2009.051,7.071,5.575,1.002,23.337,44.295,14.292,22.048,94.447,77.7,6.806,62,89,14.408,2.659,10,21,93.571,9.271,80,99,-0.474,1.185
2026-01-27 16:54:10,both,202.797,179.153,7.687,622.018,1020.618,698.642,10.091,2506.127,7.244,5.483,1.002,23.337,46.216,16.612,22.048,94.447,77.246,7.341,62,89,14.2,2.942,0,21,93.571,9.271,80,99,-0.954,1.557
2026-01-27 16:54:19,both,195.658,173.964,7.687,622.018,1053.48,724.625,10.091,2506.127,7.472,5.416,1.002,23.337,47.948,17.873,22.048,94.447,76.758,7.825,62,89,13.6,3.97,0,21,93.571,9.271,80,99,-1.122,2.418
2026-01-27 16:54:29,both,193.926,172.86,7.687,622.018,1083.071,725.598,10.091,2506.127,7.679,5.382,1.002,23.337,49.579,18.571,22.048,94.447,76.204,8.297,62,89,12.933,4.777,0,21,93.571,9.271,80,99,-1.007,3.29
2026-01-27 16:54:38,both,199.757,169.244,7.687,622.018,1140.373,700.949,10.091,2506.127,7.898,5.314,1.002,23.337,51.248,19.072,22.048,94.447,75.346,8.529,62,89,12.267,5.383,0,21,93.571,9.271,80,99,-0.83,4.141
2026-01-27 16:54:47,both,205.224,165.526,10.383,622.018,1192.582,673.134,20.797,2506.127,8.027,5.288,1.002,23.337,52.643,19.462,22.048,94.447,74.371,8.397,62,89,11.667,5.81,0,21,93.571,9.271,80,99,-0.763,4.108
2026-01-27 16:55:00,both,208.242,163.951,10.383,622.018,1221.432,669.257,20.797,2506.127,8.036,5.29,1.002,23.337,53.808,19.99,22.048,94.447,73.513,8.441,62,89,11,6.182,0,21,93.571,9.271,80,99,-0.763,4.108
2026-01-27 16:55:09,both,206.261,164.427,10.383,622.018,1209.986,665.337,20.797,2506.127,8.072,5.295,1.002,23.337,54.706,20.179,22.048,94.447,73.204,8.454,62,89,10.625,6.233,0,21,93.571,9.271,80,99,-0.609,3.661
2026-01-27 16:55:18,both,202.019,165.901,10.383,622.018,1166.231,656.132,20.797,2506.127,8.03,5.286,1.002,23.337,55.056,20.152,22.048,94.447,73.075,8.483,62,89,10.562,6.192,0,21,93.571,9.271,80,99,-0.354,2.579
2026-01-27 16:55:28,both,207.536,166.856,10.383,622.018,1135.463,641.113,20.797,2506.127,7.531,4.874,1.002,23.337,54.848,20.18,22.048,94.447,72.925,8.519,62,89,10.6,6.23,0,21,93.571,9.271,80,99,-0.04,1.274
2026-01-27 16:55:37,both,228.532,180.047,10.383,633.843,1140.294,643.482,20.797,2506.127,6.737,3.879,1.002,18.983,54.449,20.187,22.048,94.447,72.812,8.535,62,89,10.775,6.442,0,22,93.571,9.271,80,99,0.244,-0.168
2026-01-27 16:55:46,both,244.458,183.23,10.383,633.843,1141.181,645.402,20.797,2506.127,6.183,3.445,1.002,14.63,54.694,20.222,22.048,94.447,73.037,8.655,62,89,10.971,6.693,0,23,93.571,9.271,80,99,0.387,-0.757
2026-01-27 16:55:55,both,249.741,179.452,10.383,633.843,1142.491,644.123,20.797,2506.127,5.865,3.355,1.002,13.165,55.872,20.063,22.048,94.447,73.362,8.948,62,89,10.954,6.671,0,23,93.571,9.271,80,99,0.467,-0.835
2026-01-27 16:56:04,both,252.551,176.181,10.909,633.843,1204.355,616.643,20.797,2506.127,6.389,4.42,1.002,23.604,57.943,19.215,22.048,94.447,73.537,9.139,62,89,10.942,6.64,0,23,93.571,9.271,80,99,0.535,-0.561
2026-01-27 16:56:14,both,256.617,171.956,19.756,633.843,1308.194,668.899,20.797,3115.04,6.92,5.422,1.002,23.614,59.35,19.137,22.048,94.447,73.612,9.233,62,89,11.129,6.726,0,23,93.571,9.271,80,99,0.52,-0.084
2026-01-27 16:56:23,both,259.221,169.319,19.756,633.843,1380.44,701.58,20.797,3115.04,7.233,5.948,1.002,23.614,60.495,18.958,22.048,94.447,73.908,9.416,62,89,11.417,6.836,0,23,93.571,9.271,80,99,0.48,0.059
2026-01-27 16:56:32,both,256.939,171.543,19.756,633.843,1372.688,706.959,20.797,3115.04,7.461,6.163,1.002,23.614,61.119,18.562,22.048,94.447,73.954,9.422,62,89,11.717,6.942,0,23,93.571,9.271,80,99,0.519,-0.061
2026-01-27 16:56:45,both,249.92,175.741,19.756,633.843,1341.773,728.862,20.797,3115.04,7.614,6.187,1.002,23.614,60.928,18.815,22.048,94.447,73.608,9.094,62,89,12.092,7.084,0,23,93.571,9.271,80,99,0.743,-0.432
2026-01-27 16:56:54,both,240.336,175.054,19.756,633.843,1318.957,738.946,20.797,3115.04,7.693,6.147,1.002,23.614,60.599,19.206,22.048,94.447,73.358,8.866,62,86,12.417,7.204,0,23,93.571,9.271,80,99,0.964,-0.73
2026-01-27 16:57:03,both,223.646,170.783,19.756,633.843,1260.909,750.561,20.797,3115.04,7.777,6.107,1.002,23.614,60.227,19.661,22.048,94.447,73.138,8.687,62,86,12.679,7.334,0,23,93.571,9.271,80,99,1.19,-0.96
2026-01-27 16:57:13,both,207.657,169.023,7.237,633.843,1197.698,779.701,11.434,3115.04,7.825,6.093,1.002,23.614,59.778,20.222,22.048,94.447,72.746,8.443,62,86,12.887,7.439,0,23,93.571,9.271,80,99,1.172,-1.012
2026-01-27 16:57:23,both,195.513,171.713,7.237,633.843,1174.221,803.071,11.434,3115.04,7.889,6.048,1.002,23.614,59.258,20.916,22.048,94.447,72.329,8.168,62,86,13.054,7.529,0,23,93.571,9.271,80,99,1.159,-1.019
2026-01-27 16:57:33,both,193.413,172.654,7.237,633.843,1181.419,794.204,11.434,3115.04,8.085,5.903,1.053,23.614,59.239,20.913,23.805,94.447,72.129,8.037,62,86,12.471,7.908,0,23,93.571,9.271,80,99,1.153,0.148
2026-01-27 16:57:42,both,193.96,171.938,7.237,633.843,1192.125,780.807,11.434,3115.04,8.253,5.78,1.181,23.614,58.721,21.555,23.805,94.447,72.117,8.027,62,86,11.912,8.233,0,23,93.571,9.271,80,99,1.18,1.603
2026-01-27 16:57:51,both,185.295,171.793,7.237,633.843,1170.774,793.261,11.434,3115.04,8.356,5.713,1.181,23.614,57.624,22.426,23.805,94.447,72.404,7.905,62,86,11.479,8.539,0,23,93.571,9.271,80,99,1.188,2.931
2026-01-27 16:58:01,both,167.744,157.914,7.237,633.843,1129.745,803.855,11.434,3115.04,8.474,5.629,1.181,23.614,55.543,22.714,23.805,94.447,72.779,7.683,62,86,11.058,8.814,0,23,93.571,9.271,80,99,1.18,3.378
2026-01-27 16:58:11,both,147.567,136.393,7.237,633.843,1060.955,790.663,11.434,3115.04,8.562,5.567,1.181,23.614,52.73,22.095,23.805,93.057,73.225,7.364,62,86,10.562,9.039,0,23,93.571,9.271,80,99,1.18,3.301
2026-01-27 16:58:20,both,138.431,133.408,7.237,633.843,985.331,756.888,11.434,3115.04,8.482,5.591,1.181,23.614,50.339,21.436,23.805,83.731,73.646,7.084,63,86,10.779,8.884,0,23,93.571,9.271,80,99,1.193,2.571
2026-01-27 16:58:30,both,132.796,134.307,7.237,633.843,926.029,757.699,11.434,3115.04,8.306,5.633,1.181,23.614,48.331,21.051,23.805,76.676,74.475,6.966,63,86,11.396,8.626,0,23,93.571,9.271,80,99,1.323,1.44
2026-01-27 16:58:54,both,129.382,135.457,7.237,633.843,864.597,759.682,11.434,3115.04,7.995,5.702,1.181,23.614,46.155,19.63,23.805,76.676,75.875,6.512,63,86,12.2,8.037,0,23,94.25,8.795,80,99,1.292,0.615
2026-01-27 16:59:03,both,130.8,136.191,7.237,633.843,868.511,765.385,11.434,3115.04,7.949,5.697,1.181,23.614,45.001,18.719,23.805,76.676,76.513,6.033,63,86,12.679,7.666,0,23,94.25,8.795,80,99,1.132,0.799
2026-01-27 16:59:12,both,128.208,136.268,7.237,633.843,835.371,757.224,11.434,3115.04,7.845,5.7,1.181,23.614,43.524,17.738,23.805,76.676,77.15,5.438,63,86,13.15,7.246,0,23,96.077,7.135,80,99,1.064,0.818
2026-01-27 16:59:22,both,124.309,137.517,7.237,633.843,795.289,762.225,11.434,3115.04,7.721,5.705,1.181,23.614,41.724,17.585,17.517,76.676,77.517,5.256,69,86,13.363,7.106,0,23,96.467,6.685,80,99,1.255,0.531
2026-01-27 16:59:31,both,120.524,139.452,1.888,633.843,766.393,776.612,7.185,3115.04,7.772,5.757,1.181,23.614,40.102,17.927,17.369,76.676,77.862,4.979,69,86,13.275,7.097,0,23,96.625,6.49,80,99,1.494,0.398
2026-01-27 16:59:41,both,107.584,131.147,1.888,633.843,717.78,779.581,5.078,3115.04,7.718,5.8,1.181,23.614,38.814,18.479,13.4,76.676,78.162,4.666,69,86,13.083,7.05,0,23,96.625,6.49,80,99,1.648,0.325
2026-01-27 16:59:50,both,83.896,84.792,1.888,520.259,652.288,763.322,5.078,3115.04,7.757,5.769,1.181,23.614,37.261,18.941,13.4,76.676,78.342,4.496,71,86,12.812,6.852,0,23,96.625,6.49,80,99,1.681,0.141
2026-01-27 16:59:59,both,69.752,52.991,1.888,264.809,631.318,768.331,5.078,3115.04,7.841,5.695,1.181,23.614,35.496,18.682,13.4,76.676,78.046,4.505,70,86,12.617,6.68,0,20,96.625,6.49,80,99,1.63,-0.07
2026-01-27 17:00:09,both,66.101,50.876,1.888,253.657,612.77,773.194,5.078,3115.04,7.669,5.689,1.58,23.614,34.06,17.119,13.4,76.676,77.433,4.513,67,86,12.508,6.608,0,20,96.625,6.49,80,99,1.348,-0.218
2026-01-27 17:00:18,both,68.028,55.441,1.888,297.477,541.005,703.759,5.078,3115.04,6.831,4.81,1.58,23.614,32.556,14.99,13.4,76.676,76.929,4.191,67,86,12.404,6.556,0,20,96.625,6.49,80,99,1.065,-0.118
2026-01-27 17:00:28,both,79.206,91.071,1.888,581.049,461.253,506.277,5.078,2686.266,6.062,3.713,1.58,20.628,30.958,12.267,13.4,74.323,76.483,3.829,67,85,12.379,6.543,0,20,96.765,6.31,80,99,0.873,-0.065
2026-01-27 17:00:37,both,97.3,132.879,1.888,602.846,421.519,398.867,5.078,1845.512,5.419,2.816,1.503,15.99,29.644,9.903,13.4,59.609,76.033,3.967,64,85,12.367,6.533,0,20,97.1,5.848,80,99,0.865,-0.192
2026-01-27 17:00:46,both,106.809,140.098,1.888,602.846,417.551,394.45,5.078,1845.512,4.962,2.205,1.322,12.921,29.652,9.936,13.4,57.646,75.45,4.715,62,85,12.367,6.533,0,20,97.48,5.261,80,99,0.608,-0.407
2026-01-27 17:00:55,both,109.01,140.053,1.888,602.846,468.253,499.703,5.078,2798.218,5.188,2.79,1.322,17.674,30.88,11.971,13.4,66.494,74.783,5.393,62,85,12.004,6.615,0,20,97.48,5.261,80,99,0.145,0.094
2026-01-27 17:01:05,both,110.791,140.445,1.888,602.846,553.725,686.85,5.078,3015.416,5.642,3.67,1.322,17.718,32.177,13.937,13.4,68.902,74.183,5.872,62,85,11.292,6.843,0,20,97.48,5.261,80,99,-0.291,1.473
2026-01-27 17:01:27,both,118.309,139.751,1.888,602.846,715.102,880.69,5.078,3015.416,6.37,4.642,1.322,17.718,34.601,16.619,13.4,71.176,73.404,6.444,62,85,10.492,6.74,0,19,92.711,9.656,76,99,-0.541,2.969
2026-01-27 17:01:37,both,120.821,138.373,1.888,602.846,758.985,874.699,5.078,3015.416,6.86,4.911,1.322,17.718,36.287,17.716,13.4,73.151,73.533,6.486,62,85,10.354,6.599,0,19,92.711,9.656,76,99,-0.307,2.031
2026-01-27 17:01:46,both,121.605,137.982,1.888,602.846,798.69,877.274,5.078,3015.416,7.384,5.524,1.322,25.445,38.307,19.259,13.4,82.81,73.758,6.568,62,85,10.683,6.46,0,18,92.711,9.656,76,99,-0.119,1.014
2026-01-27 17:01:56,both,122.587,137.676,1.888,602.846,902.601,980.008,5.078,3831.723,8.47,7.458,1.322,37.413,41.015,21.671,13.4,93.37,74.008,6.648,62,85,10.683,6.46,0,18,92.711,9.656,76,99,-0.016,1.748
2026-01-27 17:02:13,both,125.225,136.907,1.888,602.846,1152.412,1236.393,5.078,4323.558,10.748,10.624,1.322,41.646,45.784,24.871,13.4,93.37,74.321,6.715,62,85,11.113,6.078,0,18,93.171,9.434,76,99,-0.317,3.254
2026-01-27 17:02:29,both,126.026,136.703,1.888,602.846,1335.474,1341.702,5.078,4323.558,12.977,12.769,1.322,42.297,49.174,25.438,13.4,93.37,74.479,6.698,62,85,12.004,5.596,0,18,92.611,8.86,76,99,-0.214,1.495
2026-01-27 17:02:39,both,125.938,136.746,1.888,602.846,1345.964,1336.572,5.078,4323.558,13.226,12.814,1.322,42.297,49.404,25.296,13.4,93.37,74.371,6.64,62,85,12.133,5.64,0,18,92.611,8.86,76,99,0.291,0.383
2026-01-27 17:02:49,both,125.875,136.788,1.888,602.846,1344.64,1337.733,5.078,4323.558,13.201,12.831,1.322,42.297,48.817,25.792,13.4,93.37,74.013,6.328,62,85,12.208,5.669,0,18,92.947,8.739,76,99,0.85,-0.122
2026-01-27 17:02:58,both,122.748,138.379,1.888,602.846,1330.614,1349.135,5.078,4323.558,13.191,12.838,1.322,42.297,47.572,26.621,13.4,93.37,73.671,6.025,62,80,12.367,5.678,0,18,92.947,8.739,76,99,1.341,-0.273
2026-01-27 17:03:08,both,114.297,138.502,0.0,602.846,1267.377,1368.454,0.0,4323.558,13.013,12.951,0.188,42.297,46.076,27.698,0.0,93.37,73.463,5.887,62,80,12.354,5.739,0,18,92.947,8.739,76,99,1.581,-0.23
2026-01-27 17:03:17,both,108.981,140.124,0.0,602.846,1226.891,1388.688,0.0,4323.558,12.712,13.16,0.188,42.297,44.387,29.179,0.0,93.37,73.275,5.753,62,80,11.871,6.199,0,18,92.947,8.739,76,99,1.754,0.924
2026-01-27 17:03:27,both,107.214,141.111,0.0,602.846,1217.205,1396.031,0.0,4323.558,12.513,13.307,0.188,42.297,43.438,30.149,0.0,93.37,73.088,5.61,62,80,11.4,6.594,0,18,93.25,8.617,76,99,1.89,1.888
2026-01-27 17:03:38,both,106.812,141.401,0.0,602.846,1213.603,1399.057,0.0,4323.558,12.082,13.533,0.188,42.297,42.632,31.054,0.0,93.37,72.929,5.495,62,79,10.8,6.997,0,18,93.25,8.617,76,99,1.978,3.016
2026-01-27 17:03:47,both,106.691,141.491,0.0,602.846,1213.281,1399.337,0.0,4323.558,11.987,13.605,0.188,42.297,42.054,31.694,0.0,93.37,72.854,5.453,62,79,10.346,7.285,0,18,93.524,8.496,76,99,1.978,3.016
2026-01-27 17:03:57,both,105.937,142.003,0.0,602.846,1210.455,1401.71,0.0,4323.558,11.83,13.721,0.188,42.297,41.428,32.379,0.0,93.37,72.775,5.407,62,79,9.812,7.421,0,18,94.338,8.072,76,99,1.984,2.782
2026-01-27 17:04:07,both,104.84,142.693,0.0,602.846,1206.071,1405.299,0.0,4323.558,11.762,13.766,0.188,42.297,41.336,32.492,0.0,93.37,72.983,5.576,62,82,9.688,7.359,0,18,94.577,7.927,76,99,1.97,1.97
2026-01-27 17:04:17,both,104.637,142.893,0.0,602.846,1206.092,1405.303,0.0,4323.558,11.8,13.741,0.188,42.297,40.788,32.698,0.0,93.37,73.317,5.602,62,82,9.783,7.452,0,19,94.577,7.927,76,99,1.821,0.687
2026-01-27 17:04:26,both,106.08,142.867,0.0,602.846,1202.845,1406.929,0.0,4323.558,11.759,13.769,0.188,42.297,40.366,32.808,0.0,93.37,73.767,6.066,62,87,10.042,7.718,0,22,94.577,7.927,76,99,1.745,-0.512
2026-01-27 17:04:44,both,103.757,137.791,0.0,602.846,1172.402,1419.516,0.0,4323.558,11.694,13.818,0.188,42.297,40.715,32.798,0.0,93.37,74.421,6.91,62,96,10.363,8.103,0,24,94.577,7.927,76,99,1.598,-1.342
2026-01-27 17:04:53,both,98.827,122.269,0.0,514.096,1163.742,1421.857,0.0,4323.558,11.694,13.819,0.188,42.297,41.752,32.939,0.0,93.37,75.763,8.42,62,101,10.575,8.37,0,24,94.577,7.927,76,99,1.634,-1.617
2026-01-27 17:05:03,both,99.628,121.941,0.0,514.096,1171.21,1419.37,0.0,4323.558,11.698,13.813,0.188,42.297,42.064,33.063,0.0,93.37,77.079,8.682,62,101,10.592,8.392,0,24,94.577,7.927,76,99,1.485,-1.325
2026-01-27 17:05:13,both,104.819,126.496,0.0,514.096,1129.554,1399.11,0.0,4323.558,11.251,13.853,0.188,42.297,41.761,32.896,0.0,93.37,77.912,8.255,62,101,10.971,8.242,0,24,94.577,7.927,76,99,1.26,-0.722
2026-01-27 17:05:22,both,114.525,139.548,0.0,514.096,1077.449,1351.192,0.0,4323.558,10.694,13.851,0.188,42.297,40.849,32.43,0.0,93.37,78.787,7.606,62,101,11.596,7.949,0,24,94.577,7.927,76,99,1.075,-0.086
2026-01-27 17:05:32,both,123.056,149.6,0.0,514.096,1037.036,1308.373,0.0,4323.558,10.219,13.825,0.188,42.297,40.037,31.951,0.0,93.37,79.571,6.887,66,101,11.95,7.88,0,24,94.577,7.927,76,99,0.995,0.088
2026-01-27 17:05:42,both,126.983,150.383,0.0,514.096,1032.087,1301.634,0.0,4323.558,9.885,13.787,0.188,42.297,39.397,31.568,0.0,93.37,80.15,6.83,75,101,12.008,7.901,0,24,94.577,7.927,76,99,1.09,0.078
2026-01-27 17:05:52,both,126.531,150.692,0.0,514.096,1014.903,1303.493,0.0,4323.558,9.766,13.74,0.188,42.297,38.158,30.712,0.0,93.37,80.612,7.101,75,101,11.975,7.881,0,24,94.577,7.927,76,99,1.243,-0.011
2026-01-27 17:06:01,both,125.747,151.042,0.0,514.096,941.963,1276.514,0.0,4323.558,8.981,13.213,0.188,42.297,35.98,29.152,0.0,93.37,81.025,7.312,75,101,12.6,7.649,0,24,94.577,7.927,76,99,1.514,-0.303
2026-01-27 17:06:11,both,125.921,151.025,0.0,514.096,799.78,1127.483,0.0,4323.558,7.586,11.826,0.188,42.297,33.192,26.609,0.0,93.37,81.483,7.514,75,101,13.508,7.39,0,24,94.577,7.927,76,99,1.812,-0.854
2026-01-27 17:06:20,both,125.113,151.245,0.0,514.096,664.171,942.472,0.0,4323.558,6.299,10.145,0.188,42.297,30.697,23.931,0.0,90.772,81.992,7.608,75,101,13.996,7.563,0,24,94.577,7.927,76,99,1.98,-1.434
2026-01-27 17:06:30,both,121.947,152.66,0.0,514.096,501.616,635.603,0.0,2699.404,4.768,6.877,0.188,41.254,28.033,21.229,0.0,77.901,82.617,7.624,75,101,14.221,7.651,0,24,94.577,7.927,76,99,2.09,-1.632
2026-01-27 17:06:39,both,119.985,153.852,0.0,514.096,430.357,561.204,0.0,1965.56,3.634,3.372,0.188,16.277,26.01,20.461,0.0,63.167,83.179,7.594,75,101,14.262,7.666,0,24,94.756,7.589,76,99,2.257,-1.46
2026-01-27 17:06:48,both,117.749,155.187,0.0,514.096,416.338,567.183,0.0,1965.56,3.403,3.327,0.188,16.277,24.869,21.045,0.0,63.167,83.804,7.512,75,101,14.308,7.681,0,24,94.86,7.336,76,99,2.498,-1.118
2026-01-27 17:06:58,both,116.238,156.124,0.0,514.096,410.533,570.597,0.0,1965.56,3.303,3.356,0.188,16.277,24.208,21.515,0.0,63.167,84.275,7.363,75,101,14.3,7.68,0,24,94.947,7.282,76,99,2.629,-0.879
2026-01-27 17:07:08,both,116.656,155.871,0.0,514.096,412.669,569.462,0.0,1965.56,3.307,3.359,0.188,16.277,24.831,21.611,0.0,63.167,84.296,7.364,71,101,14.304,7.68,0,24,94.947,7.282,76,99,2.185,-0.517
2026-01-27 17:07:18,both,122.183,154.646,0.0,514.096,460.086,602.64,0.0,2551.012,3.554,3.454,0.188,16.277,27.385,22.701,0.0,77.203,84.092,7.681,70,101,14.525,7.507,0,24,94.947,7.282,76,99,1.231,-0.008
2026-01-27 17:07:27,both,131.162,154.266,0.0,514.096,580.571,798.763,0.0,3931.887,4.054,3.909,0.188,17.419,30.42,24.208,0.0,82.894,83.996,7.822,70,101,15.088,6.936,0,24,94.947,7.282,76,99,0.305,0.395
2026-01-27 17:07:37,both,138.124,152.1,0.0,514.096,735.973,1008.116,0.0,3931.887,5.008,5.43,0.188,29.116,33.73,25.237,0.0,82.894,83.933,7.916,70,101,15.746,6.179,0,24,94.947,7.282,76,99,-0.224,0.539
2026-01-27 17:07:46,both,142.924,149.73,0.0,514.096,815.656,1042.806,0.0,3931.887,5.675,6.113,0.188,29.116,36.458,25.382,0.0,82.894,83.771,8.144,70,101,16.387,5.339,0,24,95.298,7.05,76,99,-0.311,0.421
2026-01-27 17:07:56,both,155.991,151.853,0.0,514.096,842.745,1031.445,0.0,3931.887,5.781,6.055,0.188,29.116,38.473,24.422,0.0,82.894,83.737,8.188,70,101,17.129,4.1,0,24,95.333,7.026,76,99,0.023,0.052
2026-01-27 17:08:14,both,175.045,162.715,0.0,535.839,852.411,1024.7,0.0,3931.887,5.793,6.044,0.188,29.116,39.503,23.335,0.0,82.894,83.575,8.402,66,101,17.642,3.011,10,24,95.333,7.026,76,99,0.394,-0.276
2026-01-27 17:08:24,both,191.81,165.742,0.0,535.839,860.795,1018.552,0.0,3931.887,5.722,6.09,0.325,29.116,40.203,22.714,0.0,82.894,83.15,8.809,66,101,17.825,2.801,14,24,95.333,7.026,76,99,0.788,-0.505
2026-01-27 17:08:33,both,200.154,162.783,0.0,535.839,871.82,1011.521,0.0,3931.887,5.663,6.123,0.325,29.116,40.563,22.485,0.0,82.894,83.167,8.811,66,101,17.779,2.812,14,24,95.333,7.026,76,99,1.038,-0.52
2026-01-27 17:08:44,both,204.43,162.811,0.0,535.839,898.792,1005.614,0.0,3931.887,5.737,6.089,0.325,29.116,41.555,22.484,0.0,82.894,83.287,8.855,66,101,17.771,2.802,14,24,95.302,7.0,76,99,1.122,-0.716
2026-01-27 17:08:54,both,194.689,154.972,0.0,535.839,989.217,1049.087,0.0,3931.887,6.294,6.327,0.331,29.116,42.885,23.472,0.0,82.894,83.254,8.784,66,101,17.733,2.731,14,24,95.379,6.769,76,99,1.049,-0.909
2026-01-27 17:09:04,both,181.101,147.85,0.0,535.839,1105.716,1160.709,0.0,3931.887,7.778,8.987,0.331,46.44,43.938,24.705,0.0,85.202,82.658,8.07,66,101,17.717,2.691,14,24,95.379,6.769,76,99,0.725,-1.125
2026-01-27 17:09:13,both,174.688,148.476,0.0,535.839,1190.07,1224.038,0.0,3931.887,9.151,10.889,0.331,46.44,44.534,25.355,0.0,85.202,82.25,7.786,66,90,17.842,2.779,14,24,95.379,6.769,76,99,0.433,-1.051
2026-01-27 17:09:23,both,167.35,148.157,0.0,535.839,1208.752,1228.321,0.0,3931.887,9.844,11.19,0.331,46.44,44.479,25.349,0.0,85.202,82.054,7.793,66,90,18,2.8,14,24,95.379,6.769,76,99,0.423,-0.987
2026-01-27 17:09:32,both,153.889,140.527,0.0,535.839,1170.029,1225.258,0.0,3931.887,10.093,11.131,0.331,46.44,44.103,25.376,0.0,85.202,81.888,7.814,66,90,18.288,2.832,14,24,95.613,6.606,76,99,0.682,-1.128
2026-01-27 17:09:42,both,139.761,132.297,0.0,535.839,1115.812,1219.943,0.0,3931.887,10.368,11.082,0.331,46.44,43.683,25.379,0.0,85.202,81.721,7.831,66,90,18.521,2.853,14,24,95.667,6.567,76,99,0.981,-1.302
2026-01-27 17:09:52,both,134.554,133.606,0.0,535.839,1079.447,1228.678,0.0,3931.887,10.461,11.075,0.331,46.44,43.063,25.409,0.0,85.202,81.425,7.763,66,90,18.667,2.825,14,24,95.744,6.509,76,99,1.17,-1.382
2026-01-27 17:10:02,both,132.845,134.787,0.0,535.839,1053.806,1242.284,0.0,3931.887,10.108,11.071,0.331,46.44,42.134,25.719,0.0,85.202,80.779,7.692,66,90,18.663,2.843,14,24,95.818,6.452,76,99,1.232,-0.989
2026-01-27 17:10:11,both,131.306,135.8,0.0,535.839,1042.72,1249.613,0.0,3931.887,9.969,11.108,0.331,46.44,42.357,25.628,0.0,85.202,79.996,7.777,66,90,18.529,2.919,14,24,95.934,6.361,76,99,1.099,-0.56
2026-01-27 17:10:21,both,130.398,136.289,0.0,535.839,1054.126,1247.759,0.0,3931.887,10.13,11.049,0.331,46.44,43.16,25.427,0.0,85.202,79.121,7.784,66,90,18.246,2.91,14,24,95.934,6.361,76,99,0.827,-0.091
2026-01-27 17:10:30,both,133.262,135.989,0.0,535.839,1097.383,1241.694,0.0,3931.887,10.33,10.984,0.331,46.44,44.123,25.231,0.0,85.202,78.333,7.705,66,90,17.946,2.811,14,23,95.839,6.242,76,99,0.483,0.131
2026-01-27 17:10:40,both,137.141,134.095,0.0,535.839,1138.936,1225.302,0.0,3931.887,10.517,10.934,0.331,46.44,45.371,24.742,0.0,85.202,77.458,7.519,66,90,17.729,2.862,13,23,95.765,6.125,76,99,0.322,0.253
2026-01-27 17:10:49,both,138.038,133.27,0.0,535.839,1147.727,1218.102,0.0,3931.887,10.708,10.865,0.331,46.44,46.655,23.526,0.0,85.202,76.629,7.309,66,90,17.542,3.02,12,23,95.93,6.009,76,99,0.334,0.402
2026-01-27 17:10:59,both,138.357,132.947,0.0,535.839,1149.084,1216.852,0.0,3931.887,10.823,10.786,0.331,46.44,47.619,22.112,0.0,85.202,75.721,6.935,66,90,17.417,3.096,12,23,95.93,6.009,76,99,0.577,0.338
2026-01-27 17:11:08,both,139.116,132.225,0.019,535.839,1150.335,1215.691,0.068,3931.887,10.837,10.773,0.331,46.44,48.231,21.061,6.758,85.202,75.25,6.515,66,90,17.271,3.272,10,23,95.93,6.009,76,99,0.948,0.403
2026-01-27 17:11:18,both,141.089,130.745,5.117,535.839,1156.387,1210.736,5.758,3931.887,10.801,10.797,0.331,46.44,48.248,20.887,8.992,85.202,75.042,6.563,66,90,17.062,3.6,8,23,95.93,6.009,76,99,1.095,0.617
2026-01-27 17:11:27,both,145.02,132.311,5.117,535.839,1144.715,1207.452,5.758,3931.887,10.649,10.871,0.331,46.44,46.977,20.819,8.992,85.202,75,6.597,66,90,16.808,3.973,8,23,95.93,6.009,76,99,1.084,1.051
2026-01-27 17:11:37,both,155.664,149.787,5.117,576.735,1054.236,1126.785,5.758,3931.887,10.181,10.976,0.331,46.44,44.889,19.825,8.992,85.202,74.892,6.65,66,90,16.533,4.308,8,23,95.93,6.009,76,99,0.87,1.437
2026-01-27 17:11:46,both,168.042,164.08,5.117,576.735,942.192,989.181,5.758,3690.47,9.399,10.797,0.331,46.44,43.11,18.717,8.992,85.202,74.921,6.634,66,90,16.413,4.387,8,23,95.987,5.966,76,99,0.898,1.244
2026-01-27 17:11:55,both,170.113,164.63,5.117,576.735,873.73,938.762,5.758,3690.47,8.762,10.504,0.331,46.44,41.613,17.774,8.992,85.202,75.096,6.575,66,90,16.387,4.389,8,23,95.987,5.966,76,99,0.963,0.682
2026-01-27 17:12:05,both,163.08,163.189,5.117,576.735,868.713,937.511,5.758,3690.47,8.92,10.447,0.331,46.44,40.905,17.51,8.992,85.202,75.167,6.568,66,90,16.337,4.389,8,23,95.987,5.966,76,99,1.036,0.112
2026-01-27 17:12:20,both,152.097,154.079,5.117,576.735,879.333,933.075,5.758,3690.47,9.1,10.356,0.331,46.44,41.056,17.435,8.992,85.202,75.267,6.549,66,90,16.408,4.423,8,23,95.987,5.966,76,99,1.05,-0.318
2026-01-27 17:12:30,both,135.588,137.905,5.117,576.735,885.977,929.429,5.758,3690.47,9.289,10.24,0.701,46.44,41.284,17.294,8.992,85.202,75.554,6.445,67,90,16.604,4.579,8,24,95.987,5.966,76,99,1.091,-0.899
2026-01-27 17:12:39,both,123.918,135.875,5.117,576.735,875.231,937.804,5.758,3690.47,9.314,10.224,0.8,46.44,40.838,17.723,8.992,85.202,75.625,6.434,67,90,16.504,4.621,8,24,95.987,5.966,76,99,1.217,-0.832
2026-01-27 17:12:48,both,118.381,134.65,5.117,576.735,861.495,946.787,5.758,3690.47,9.27,10.259,0.484,46.44,40.334,18.051,8.992,85.202,75.237,6.266,67,90,16.283,4.651,8,24,96.061,5.911,76,99,1.274,-0.531
2026-01-27 17:47:18,both,,,,,,,,,,,,,,,,,77.068,0.452,76,78,18.326,5.614,6,25,,,,,,
2026-01-27 17:47:23,both,,,,,,,,,,,,,,,,,77.286,0.913,76,81,18.863,5.582,6,25,,,,,,
2026-01-27 17:47:28,both,,,,,,,,,,,,,,,,,77.907,2.226,76,87,19.089,5.374,6,25,,,,,,
2026-01-27 17:47:33,both,7.273,,7.273,7.273,72.778,,72.778,72.778,10.007,,10.007,10.007,32.789,0.0,32.789,32.789,78.831,3.752,76,90,19.328,5.208,6,25,,,,,,
2026-01-27 17:47:38,both,10.717,3.773,7.273,14.16,122.959,54.971,72.778,173.14,11.117,1.216,10.007,12.227,34.426,2.042,32.789,36.609,79.547,4.371,76,90,19.439,5.026,6,25,,,,,1.431,-1.779
2026-01-27 17:47:50,both,44.333,41.623,7.273,127.282,374.709,280.779,72.778,877.205,9.957,1.902,6.892,12.227,38.454,3.458,32.789,41.854,80.25,4.49,76,90,18.962,4.79,6,25,,,,,1.445,-0.998
2026-01-27 17:48:00,both,99.037,84.581,7.273,223.376,677.29,482.925,72.778,1383.22,8.63,2.368,5.964,12.227,39.18,2.956,32.789,41.854,79.895,4.336,76,90,18.489,4.7,6,25,,,,,1.313,-0.42
2026-01-27 17:48:10,both,123.073,85.464,7.273,223.376,882.94,557.141,72.778,1558.864,8.421,2.122,5.964,12.227,39.459,2.623,32.789,41.854,79.695,4.187,76,90,17.918,4.823,6,25,,,,,1.101,0.208
2026-01-27 17:48:21,both,128.664,76.064,7.273,223.376,982.01,524.755,72.778,1558.864,8.544,1.877,5.964,12.227,39.316,2.339,32.789,41.854,79.755,4.17,71,90,17.352,4.894,6,25,,,,,1.058,0.516
2026-01-27 17:48:31,both,133.821,74.262,7.273,248.847,948.97,498.83,72.778,1558.864,8.134,2.372,1.401,12.227,40.669,4.245,32.789,52.676,79.095,4.564,70,90,17.229,4.704,6,25,,,,,0.906,0.462
2026-01-27 17:48:40,both,188.936,173.337,7.273,760.962,876.274,501.883,72.778,1558.864,7.147,3.352,0.688,12.227,41.296,4.5,32.789,52.676,78.8,4.522,70,90,16.969,4.639,6,25,,,,,0.814,0.398
2026-01-27 17:48:50,both,291.637,313.198,7.273,1031.204,878.639,469.169,72.778,1558.864,6.337,3.77,0.688,12.227,40.573,4.677,32.789,52.676,78.519,4.464,70,90,16.562,4.698,6,25,,,,,0.728,0.446
2026-01-27 17:49:00,both,349.717,344.233,7.273,1031.204,871.254,446.363,72.778,1558.864,5.773,3.932,0.688,12.227,39.927,4.906,32.789,52.676,78.097,4.664,67,90,16.219,4.744,6,25,,,,,0.821,0.726
2026-01-27 17:49:10,both,339.858,328.068,7.273,1031.204,804.26,466.31,72.778,1558.864,5.274,4.001,0.688,12.227,40.605,5.143,32.789,52.676,77.442,5.175,66,90,15.885,4.764,6,25,,,,,0.709,0.97
2026-01-27 17:49:20,both,319.16,316.759,7.273,1031.204,779.517,452.563,72.778,1558.864,5.147,3.826,0.688,12.227,40.416,5.207,32.789,52.676,77.079,5.191,66,90,15.563,4.761,6,25,,,,,0.627,1.023
2026-01-27 17:49:30,both,327.786,305.943,7.273,1031.204,801.996,441.519,72.778,1558.864,4.943,3.741,0.688,12.227,39.862,5.361,32.789,52.676,76.966,5.091,66,90,15.33,4.745,6,25,,,,,0.686,1.018
2026-01-27 17:49:41,both,350.653,301.741,7.273,1031.204,818.067,426.537,72.778,1558.864,4.66,3.692,0.688,12.227,39.405,5.338,32.789,52.676,76.73,5.08,66,90,15.171,4.654,6,25,,,,,0.901,0.814
2026-01-27 17:49:53,both,355.404,290.76,7.273,1031.204,808.045,415.018,72.778,1558.864,4.433,3.633,0.688,12.227,39.867,5.65,32.789,52.676,75.995,5.793,63,90,15.354,4.596,6,25,,,,,0.657,0.218
2026-01-27 17:50:03,both,349.476,281.693,7.273,1031.204,890.725,533.15,72.778,2656.909,4.674,3.721,0.688,12.227,41.132,7.296,32.789,63.782,75.364,6.305,63,90,15.577,4.598,6,25,,,,,0.211,-0.36
2026-01-27 17:50:13,both,339.717,275.227,7.273,1031.204,1024.672,731.765,72.778,3148.047,5.361,4.485,0.688,17.706,42.628,9.137,32.789,66.194,74.926,6.495,63,90,15.693,4.523,6,25,,,,,-0.159,-0.59
2026-01-27 17:50:32,both,318.985,269.059,7.273,1031.204,1138.348,783.34,72.778,3148.047,6.526,5.552,0.688,17.706,44.99,11.329,32.789,69.382,74.948,6.272,63,90,15.817,4.38,6,25,,,,,-0.046,-0.191
2026-01-27 17:50:43,both,308.253,264.495,7.273,1031.204,1220.616,834.029,72.778,3148.047,7.226,6.07,0.688,18.706,46.565,12.692,32.789,75.082,74.975,6.181,63,90,16.05,4.123,11,25,,,,,0.103,0.018
2026-01-27 17:50:52,both,302.217,259.749,7.273,1031.204,1304.295,899.835,72.778,3161.845,7.682,6.283,0.688,18.706,47.812,13.65,32.789,75.217,74.938,6.172,63,90,16.025,4.127,11,25,,,,,0.07,0.354
2026-01-27 17:51:04,both,291.335,256.896,7.273,1031.204,1296.143,881.739,72.778,3161.845,7.876,6.176,0.688,18.706,48.6,13.671,32.789,75.217,74.888,6.159,63,90,15.062,5.325,0,25,,,,,0.135,1.81
2026-01-27 17:51:16,both,278.769,255.086,7.273,1031.204,1256.957,872.325,72.778,3161.845,7.952,6.011,0.688,18.706,49.001,13.436,32.789,75.217,74.842,6.147,63,90,14.033,5.934,0,25,,,,,0.304,3.196
2026-01-27 17:51:27,both,269.309,253.302,7.273,1031.204,1227.454,863.995,72.778,3161.845,8.01,5.883,0.688,18.706,49.333,13.23,32.789,75.217,74.767,6.12,63,90,13.021,6.165,0,24,,,,,0.439,3.84
2026-01-27 17:51:37,both,260.643,251.345,7.273,1031.204,1200.429,855.402,72.778,3161.845,8.063,5.763,0.688,18.706,49.636,13.031,32.789,75.217,74.458,5.826,63,90,12.1,6.384,0,22,,,,,0.461,3.828
2026-01-27 17:51:49,both,260.854,249.281,29.278,1031.204,1211.398,837.605,187.815,3161.845,7.991,5.705,0.688,18.706,50.592,12.731,32.987,75.217,73.846,4.907,63,85,11.092,6.607,0,21,,,,,0.461,3.828
2026-01-27 17:51:59,both,259.867,249.884,63.067,1031.204,1208.571,838.234,187.815,3161.845,8.04,5.704,0.688,18.706,51.232,12.629,32.987,75.217,73.617,4.631,63,84,10.458,6.903,0,21,,,,,0.461,3.828
2026-01-27 17:52:10,both,254.017,252.666,35.291,1031.204,1179.266,847.251,187.815,3161.845,8.148,5.696,0.688,18.706,51.79,12.477,32.987,75.217,73.692,4.749,63,85,10.042,6.982,0,21,,,,,0.518,3.566
2026-01-27 17:52:21,both,246.546,256.882,16.738,1031.204,1114.258,873.735,12.145,3161.845,7.912,5.822,0.688,18.706,51.655,12.709,30.193,75.217,73.85,4.96,63,85,10.058,6.999,0,21,,,,,0.835,2.414
2026-01-27 17:52:29,both,246.481,256.971,16.738,1031.204,1082.863,884.714,12.145,3161.845,7.687,5.903,0.688,18.706,51.386,13.065,30.193,75.217,73.888,4.945,63,85,10.154,7.052,0,21,,,,,1.091,1.334
